{"cameraMode":{"drawMode":0,"name":"Shaded","section":"Shading Mode"},"sceneLighting":true,"audioPlay":false,"sceneViewState":{"showFog":true,"showMaterialUpdate":false,"showSkybox":true,"showFlares":true,"showImageEffects":true,"showParticleSystems":true},"in2DMode":false,"pivot":{"x":-10.74770736694336,"y":-3.214498519897461,"z":-1.0924091339111329},"rotation":{"x":-0.3061021566390991,"y":0.2165091186761856,"z":-0.07170338183641434,"w":-0.9242831468582153},"size":26.150543212890626,"orthographic":false}